e2test1 ,e10adc3949ba59abbe56e057f20f883e
e2test2 ,e10adc3949ba59abbe56e057f20f883e
e2test3 ,e10adc3949ba59abbe56e057f20f883e
e2test4 ,e10adc3949ba59abbe56e057f20f883e
e2test5 ,e10adc3949ba59abbe56e057f20f883e
e2test6 ,e10adc3949ba59abbe56e057f20f883e
e2test7 ,e10adc3949ba59abbe56e057f20f883e
e2test8 ,e10adc3949ba59abbe56e057f20f883e
e2test9 ,e10adc3949ba59abbe56e057f20f883e
e2test10,e10adc3949ba59abbe56e057f20f883e
e2test11,e10adc3949ba59abbe56e057f20f883e
e2test12,e10adc3949ba59abbe56e057f20f883e
e2test13,e10adc3949ba59abbe56e057f20f883e
e2test14,e10adc3949ba59abbe56e057f20f883e
e2test15,e10adc3949ba59abbe56e057f20f883e
e2test16,e10adc3949ba59abbe56e057f20f883e
e2test17,e10adc3949ba59abbe56e057f20f883e
e2test18,e10adc3949ba59abbe56e057f20f883e
e2test19,e10adc3949ba59abbe56e057f20f883e
e2test20,e10adc3949ba59abbe56e057f20f883e
e2test21,e10adc3949ba59abbe56e057f20f883e
e2test22,e10adc3949ba59abbe56e057f20f883e
e2test23,e10adc3949ba59abbe56e057f20f883e
e2test24,e10adc3949ba59abbe56e057f20f883e
e2test25,e10adc3949ba59abbe56e057f20f883e
e2test26,e10adc3949ba59abbe56e057f20f883e
e2test27,e10adc3949ba59abbe56e057f20f883e
e2test28,e10adc3949ba59abbe56e057f20f883e
e2test29,e10adc3949ba59abbe56e057f20f883e
e2test30,e10adc3949ba59abbe56e057f20f883e
e2test31,e10adc3949ba59abbe56e057f20f883e
e2test32,e10adc3949ba59abbe56e057f20f883e
e2test33,e10adc3949ba59abbe56e057f20f883e
e2test34,e10adc3949ba59abbe56e057f20f883e
e2test35,e10adc3949ba59abbe56e057f20f883e
e2test36,e10adc3949ba59abbe56e057f20f883e
e2test37,e10adc3949ba59abbe56e057f20f883e
e2test38,e10adc3949ba59abbe56e057f20f883e
e2test39,e10adc3949ba59abbe56e057f20f883e
e2test40,e10adc3949ba59abbe56e057f20f883e
e2test41,e10adc3949ba59abbe56e057f20f883e
e2test42,e10adc3949ba59abbe56e057f20f883e
e2test43,e10adc3949ba59abbe56e057f20f883e
e2test44,e10adc3949ba59abbe56e057f20f883e
e2test45,e10adc3949ba59abbe56e057f20f883e
e2test46,e10adc3949ba59abbe56e057f20f883e
e2test47,e10adc3949ba59abbe56e057f20f883e
e2test48,e10adc3949ba59abbe56e057f20f883e
e2test49,e10adc3949ba59abbe56e057f20f883e
e2test50,e10adc3949ba59abbe56e057f20f883e
e2test51,e10adc3949ba59abbe56e057f20f883e
e2test52,e10adc3949ba59abbe56e057f20f883e
e2test53,e10adc3949ba59abbe56e057f20f883e
e2test54,e10adc3949ba59abbe56e057f20f883e
e2test55,e10adc3949ba59abbe56e057f20f883e
e2test56,e10adc3949ba59abbe56e057f20f883e
e2test57,e10adc3949ba59abbe56e057f20f883e
e2test58,e10adc3949ba59abbe56e057f20f883e
e2test59,e10adc3949ba59abbe56e057f20f883e
e2test60,e10adc3949ba59abbe56e057f20f883e
e2test61,e10adc3949ba59abbe56e057f20f883e
e2test62,e10adc3949ba59abbe56e057f20f883e
e2test63,e10adc3949ba59abbe56e057f20f883e
e2test64,e10adc3949ba59abbe56e057f20f883e
e2test65,e10adc3949ba59abbe56e057f20f883e
e2test66,e10adc3949ba59abbe56e057f20f883e
e2test67,e10adc3949ba59abbe56e057f20f883e
e2test68,e10adc3949ba59abbe56e057f20f883e
e2test69,e10adc3949ba59abbe56e057f20f883e
e2test70,e10adc3949ba59abbe56e057f20f883e
e2test71,e10adc3949ba59abbe56e057f20f883e
e2test72,e10adc3949ba59abbe56e057f20f883e
e2test73,e10adc3949ba59abbe56e057f20f883e
e2test74,e10adc3949ba59abbe56e057f20f883e
e2test75,e10adc3949ba59abbe56e057f20f883e
e2test76,e10adc3949ba59abbe56e057f20f883e
e2test77,e10adc3949ba59abbe56e057f20f883e
e2test78,e10adc3949ba59abbe56e057f20f883e
e2test79,e10adc3949ba59abbe56e057f20f883e
e2test80,e10adc3949ba59abbe56e057f20f883e
e2test81,e10adc3949ba59abbe56e057f20f883e
e2test82,e10adc3949ba59abbe56e057f20f883e
e2test83,e10adc3949ba59abbe56e057f20f883e
e2test84,e10adc3949ba59abbe56e057f20f883e
e2test85,e10adc3949ba59abbe56e057f20f883e
e2test86,e10adc3949ba59abbe56e057f20f883e
e2test87,e10adc3949ba59abbe56e057f20f883e
e2test88,e10adc3949ba59abbe56e057f20f883e
e2test89,e10adc3949ba59abbe56e057f20f883e
e2test90,e10adc3949ba59abbe56e057f20f883e
e2test91,e10adc3949ba59abbe56e057f20f883e
e2test92,e10adc3949ba59abbe56e057f20f883e
e2test93,e10adc3949ba59abbe56e057f20f883e
e2test94,e10adc3949ba59abbe56e057f20f883e
e2test95,e10adc3949ba59abbe56e057f20f883e
e2test96,e10adc3949ba59abbe56e057f20f883e
e2test97,e10adc3949ba59abbe56e057f20f883e
e2test98,e10adc3949ba59abbe56e057f20f883e